quantity,s2,null_mean,null_p95,p_value
frob2,0.127134,0.0301477,0.237132,0.305
absmax,0.122912,0.0301688,0.275455,0.325
muN,0.122912,0.0301688,0.275455,0.325
iprN,0.106219,0.0302523,0.229915,0.315
ipr1,0.0937776,0.0303145,0.296814,0.325
spread,0.0746105,0.0304103,0.251831,0.46
spec_entropy,0.0691562,0.0304376,0.297348,0.375
trace_pos,0.0636847,0.030465,0.280458,0.475
n_pos,0.0556247,-0.0350819,0.104862,0.115
energy,0.0536906,0.0305149,0.264778,0.47
gap12,0.0358483,0.0306042,0.227735,0.55
mu_ratio,0.0277521,0.0306446,0.274774,0.59
mu1,0.0266695,0.0306501,0.274904,0.585
dbar_minus_mu1,0.0167769,0.0306995,0.308669,0.47
trace_neg,0.0136339,0.0307152,0.215854,0.51
deg_cv,0.00655148,0.0307506,0.257673,0.605
lam2,-0.011069,0.0308387,0.286133,0.585
mu1_norm,-0.0457103,0.031012,0.276987,0.7
lam2_sym,-0.0457103,0.031012,0.276987,0.7
one_minus_mu1n,-0.0457103,0.031012,0.276987,0.7
v1_deg_align,-0.05821,0.0310745,0.236135,0.735
muN_norm,-0.0803453,0.0311851,0.264169,0.85
q_bound,-0.10427,0.0313048,0.288923,0.75
dual_resid,-0.140743,0.0314871,0.296882,0.91
two_m,-0.175771,0.0316623,0.276991,0.99
dbar,-0.175771,0.0316623,0.276991,0.99
mu2,-0.181897,0.0316929,0.304034,0.87
lam_max,-0.186772,0.0317173,0.322457,0.96
