quantity,auc,lo,hi,d_auc,d_lo,d_hi,p_better,null_med,null_p95,null_max,slide_pctile,slide_p
lam2,0.758787,0.634347,0.875,0,0,0,0,0.433532,0.924858,0.962868,0.756757,0.243243
muN,0.775227,0.706909,0.839002,0.0152145,-0.115363,0.147711,0.5886,0.499291,0.920111,0.946995,0.655405,0.344595
gap12,0.745748,0.675163,0.813209,-0.0134922,-0.150808,0.127275,0.42,0.581349,0.917701,0.947279,0.722973,0.277027
mu1,0.725624,0.653061,0.794225,-0.034282,-0.152785,0.0884425,0.287,0.599632,0.933858,0.989512,0.648649,0.351351
mu_ratio,0.72619,0.653061,0.795068,-0.0335025,-0.135778,0.0719955,0.263,0.572279,0.935955,0.986961,0.695946,0.304054
ipr1,0.72449,0.642857,0.803571,-0.0346227,-0.108851,0.0416667,0.1792,0.427721,0.953926,0.977608,0.689189,0.310811
mu1_norm,0.700113,0.595514,0.801304,-0.0588807,-0.103458,-0.0161565,0.004,0.500425,0.913818,0.954365,0.682432,0.317568
frob2,0.687358,0.611961,0.759354,-0.0730652,-0.222506,0.0841837,0.165,0.55924,0.976757,1,0.635135,0.364865
energy,0.616213,0.538825,0.692198,-0.144133,-0.288839,0.00624291,0.0302,0.564768,0.955499,0.986395,0.554054,0.445946
trace_pos,0.587302,0.500567,0.670351,-0.172574,-0.278628,-0.0634921,0.0016,0.565476,0.938109,0.975624,0.527027,0.472973
q_bound,0.606859,0.513031,0.697846,-0.152657,-0.237528,-0.0697208,0.0002,0.517999,0.947109,0.968254,0.648649,0.351351
