quantity,sign,r_lam2,r_rank,r_diff,gate_agree,gate_jaccard,mech_sd,auc_covid,r_fwd,r_dd,s2_final,s2_crash,s2_maxdd,family
lam2,1,1,1,1,1,1,2.25982,0.472222,0.136612,-0.0528649,-0.011069,-0.0877611,-0.148029,laplacian ref
lam_max,1,0.56151,0.597308,0.197871,0.691542,0.436364,-0.957756,0.085452,0.284208,0.372445,-0.186772,-0.314709,-0.38255,laplacian ref
lam2_sym,1,0.88731,0.860567,0.729435,0.810945,0.612245,1.734,0.594162,0.156305,-0.133803,-0.0457103,-0.0740493,-0.115758,laplacian ref
dbar,1,0.743278,0.733328,0.483721,0.800995,0.59596,-0.406476,0.155838,0.284215,0.200829,-0.175771,-0.325796,-0.367943,laplacian ref
two_m,1,0.743278,0.733328,0.483721,0.800995,0.59596,-0.406476,0.155838,0.284215,0.200829,-0.175771,-0.325796,-0.367943,laplacian ref
deg_cv,-1,0.602722,0.57686,0.780234,0.671642,0.410714,1.07713,0.700565,0.169298,-0.276695,0.00655148,0,-0.115758,laplacian ref
mu1,-1,0.779018,0.79499,0.53559,0.771144,0.54902,1.88886,0.715866,0.0549968,-0.265441,0.0266695,0,-0.115758,modularity
mu2,-1,0.551268,0.534747,0.16544,0.651741,0.385965,0.306396,0.439736,0.139187,-0.0819679,-0.181897,-0.21675,-0.249728,modularity
muN,1,0.333041,0.184046,0.27277,0.61194,0.338983,1.41257,0.790725,-0.0799478,-0.45079,0.122912,0,-0.0690025,modularity
mu1_norm,-1,0.88731,0.860567,0.729435,0.810945,0.612245,1.734,0.594162,0.156305,-0.133803,-0.0457103,-0.0740493,-0.115758,modularity
muN_norm,1,0.663098,0.669373,0.430278,0.830846,0.645833,0.941111,0.294492,0.190975,-0.00130937,-0.0803453,-0.239475,-0.325519,modularity
gap12,-1,0.523509,0.537523,0.28513,0.731343,0.490566,1.60852,0.797787,-0.0274296,-0.246364,0.0358483,0,-0.0937304,modularity
spread,-1,0.696019,0.694136,0.514183,0.771144,0.54902,1.71503,0.77613,0.00924656,-0.367216,0.0746105,0,-0.0902646,modularity
mu_ratio,1,0.750654,0.768197,0.385253,0.781095,0.564356,2.54404,0.698682,0.158655,-0.140158,0.0277521,0,-0.115758,modularity
absmax,-1,0.333041,0.184046,0.27277,0.61194,0.338983,1.41257,0.790725,-0.0799478,-0.45079,0.122912,0,-0.0690025,modularity
n_pos,-1,0.464583,0.475878,0.0426462,0.552239,0.274194,0.191871,0.440678,-0.0272442,-0.0637625,0.0556247,0,-0.115758,modularity
trace_pos,-1,0.800061,0.803389,0.494403,0.741294,0.504762,1.33683,0.65725,0.0902397,-0.232429,0.0636847,0,-0.115758,modularity
trace_neg,-1,0.0661065,-0.0170563,-0.18413,0.58209,0.305785,-1.10308,0.0710923,0.192179,0.402596,0.0136339,-0.314709,-0.38255,modularity
energy,-1,0.355843,0.383821,0.352245,0.671642,0.410714,1.22074,0.925141,-0.0857763,-0.390888,0.0536906,0,-0.134385,modularity
frob2,-1,0.367653,0.389031,0.388917,0.701493,0.449541,1.25149,0.92467,-0.119555,-0.449082,0.127134,0,-0.102659,modularity
spec_entropy,-1,0.297459,0.2654,0.0663299,0.492537,0.215385,0.373018,0.688795,0.117366,-0.0786663,0.0691562,0,-0.0753428,modularity
q_bound,-1,0.883273,0.887312,0.588512,0.880597,0.736264,1.27664,0.541902,0.142107,-0.158074,-0.10427,-0.125362,-0.149604,modularity
ipr1,1,0.479721,0.398275,0.120806,0.542289,0.264,1.83312,0.74694,0.197094,-0.154817,0.0937776,0,-0.115758,modularity
iprN,-1,0.188222,0.138825,0.0856635,0.522388,0.244094,0.55943,0.778484,0.00143756,-0.070124,0.106219,0,-0.120081,modularity
v1_deg_align,1,0.240153,0.290313,0.055,0.731343,0.490566,1.06406,0.365819,-0.117816,-0.195261,-0.05821,-0.209023,-0.283501,modularity
dbar_minus_mu1,1,0.881737,0.859252,0.636987,0.910448,0.795455,1.26087,0.348635,0.233224,0.0345826,0.0167769,-0.142894,-0.149116,L restatement
one_minus_mu1n,1,0.88731,0.860567,0.729435,0.810945,0.612245,1.734,0.594162,0.156305,-0.133803,-0.0457103,-0.0740493,-0.115758,L restatement
dual_resid,1,0.498132,0.497881,-0.142281,0.641791,0.373913,0.0453962,0.245763,0.275329,0.12291,-0.140743,-0.325796,-0.367943,L restatement
