quantity,family,sign,auc_raw,auc_z,z_mean_crash,z_peak_crash
lam2,laplacian ref,1,0.472222,0.758787,1.66204,3.5361
lam_max,laplacian ref,1,0.085452,0.448413,-0.378542,1.63617
lam2_sym,laplacian ref,1,0.594162,0.700113,1.3632,2.22928
dbar,laplacian ref,1,0.155838,0.537132,0.38181,3.3715
two_m,laplacian ref,1,0.155838,0.537132,0.38181,3.3715
deg_cv,laplacian ref,-1,0.700565,0.605726,1.12547,2.87309
mu1,modularity,-1,0.715866,0.725624,1.34203,1.56373
mu2,modularity,-1,0.439736,0.473923,0.241211,1.5026
muN,modularity,1,0.790725,0.775227,1.08013,1.21747
mu1_norm,modularity,-1,0.594162,0.700113,1.3632,2.22928
muN_norm,modularity,1,0.294492,0.689626,1.40729,3.26648
gap12,modularity,-1,0.797787,0.745748,1.23057,1.59468
spread,modularity,-1,0.77613,0.715136,1.2531,1.43729
mu_ratio,modularity,1,0.698682,0.72619,1.71066,2.81053
absmax,modularity,-1,0.790725,0.775227,1.08013,1.21747
n_pos,modularity,-1,0.440678,0.614507,0.159871,0.190265
trace_pos,modularity,-1,0.65725,0.587302,1.0667,1.79711
trace_neg,modularity,-1,0.0710923,0.359127,-0.67559,0.248852
energy,modularity,-1,0.925141,0.616213,0.874575,1.18899
frob2,modularity,-1,0.92467,0.687358,0.890519,1.24766
spec_entropy,modularity,-1,0.688795,0.431973,0.188828,1.83469
q_bound,modularity,-1,0.541902,0.606859,1.07065,2.02122
ipr1,modularity,1,0.74694,0.72449,1.46672,3.43053
iprN,modularity,-1,0.778484,0.523526,0.401417,1.45882
v1_deg_align,modularity,1,0.365819,0.734694,0.782583,1.14533
dbar_minus_mu1,L restatement,1,0.348635,0.671202,1.47864,3.34059
one_minus_mu1n,L restatement,1,0.594162,0.700113,1.3632,2.22928
dual_resid,L restatement,1,0.245763,0.617914,0.811292,4.30177
