measure,model,era,n,n_independent,chi2,nmse,rho,rho_nonoverlapping,rho_boot_lo,rho_boot_hi,paper_chi2,paper_rho
modularity,comm,pre,4009,134,6.585630884928333e-05,0.03929583159756083,0.9835911674988085,0.9878972383507323,0.9778628094246744,0.9872829439635383,0.0003,0.99
modularity,comm,post,2306,77,4.551605934663447e-05,0.026284778566034613,0.988175889880616,0.9912975787912894,0.9843296972870424,0.9909909200998342,0.0002,0.96
modularity,comm,all,6315,211,5.8428816315141084e-05,0.03423600030494555,0.9852539840764256,0.9888493378345967,0.9818688639087662,0.9878898586475169,,
modularity,conf,pre,4009,134,0.013532492119840773,8.074709025274634,0.5551979304969754,0.5709732361247275,0.4314778945118243,0.6793019089445046,0.0295,0.07
modularity,conf,post,2306,77,0.016236715613650587,9.376437254690398,0.6804762081122475,0.6916406398231565,0.5892891590622913,0.7612683220086534,0.012,0.71
modularity,conf,all,6315,211,0.01451997262288518,8.507887349004525,0.517123105404542,0.523454436425306,0.433279286255224,0.5925866154112274,,
path_length,comm,pre,4009,134,0.0301123644210389,0.5854408206020998,0.9814437291816166,0.986491437298811,0.9714952563740737,0.9869347827558671,0.0189,0.89
path_length,comm,post,2306,77,0.05691469963952118,0.5934835683510391,0.9947735955773565,0.9943410710145314,0.9933703581115547,0.9957644871157348,0.1152,0.72
path_length,comm,all,6315,211,0.03989956711523052,0.37139250907186255,0.9895771256394906,0.99068472364352,0.9876470470728878,0.9912923456240714,,
path_length,conf,pre,4009,134,0.024256095510650392,0.4715839733407472,0.9828361265949244,0.9844914758352759,0.9786975389412537,0.9883443740799475,0.0333,0.81
path_length,conf,post,2306,77,0.04540619456996824,0.47347751194866955,0.9810077783559485,0.982486783598106,0.9663283026994742,0.9892703394213844,0.0688,0.76
path_length,conf,all,6315,211,0.031979314581242146,0.2976693417857223,0.986163450397207,0.9860765114779055,0.9818560298295552,0.9899748940462956,,
assortativity,comm,pre,4009,134,0.007587478862282225,1.7731738887968984,0.28313685799619565,0.2513920681832029,0.18417911816785965,0.3819616092907625,0.012,0.76
assortativity,comm,post,2306,77,0.024651833458485865,4.151590085757249,0.5668692436374762,0.6270091169278726,0.4690616171816701,0.6411035894500638,0.0259,0.53
assortativity,comm,all,6315,211,0.013818738038663158,1.1376377243091642,0.38022147777290227,0.403869805889735,0.2986556342654845,0.45883019843652095,,
assortativity,conf,pre,4009,134,0.13243127412062228,30.948841056824985,0.5732879099226905,0.5936865503236533,0.466880945422829,0.6607323026605828,0.1012,-0.47
assortativity,conf,post,2306,77,0.06573358397193428,11.070125716155784,0.7459392089515939,0.7643366596246836,0.6341964366488146,0.8272521388401614,0.073,0.78
assortativity,conf,all,6315,211,0.10807579138382506,8.89741863683966,0.7890997694995452,0.7965271792137804,0.7417522536113718,0.8290346171565729,,
transitivity,comm,pre,4009,134,0.054782510932924154,7.829577764582455,0.8007916086677286,0.8118912728750176,0.7511105878513115,0.834820513287685,0.0188,0.97
transitivity,comm,post,2306,77,0.09879867576887129,33.36265380055119,0.7758118061905231,0.7107789924670266,0.715101805808866,0.8263963676678567,0.1184,0.8
transitivity,comm,all,6315,211,0.07085555544784009,9.668225316804712,0.7113717488349085,0.7077054153928571,0.6630335475491478,0.755561305775697,,
transitivity,conf,pre,4009,134,0.026034188767843337,3.720835391156617,0.9634128792978042,0.966443911315638,0.9502988324503893,0.9744889945823625,0.0161,0.92
transitivity,conf,post,2306,77,0.01932962821497088,6.527290869141648,0.9382527580767072,0.932175848699391,0.9113637299584131,0.9592188367412695,0.011,0.92
transitivity,conf,all,6315,211,0.023585935935709706,3.2182958907439327,0.9624288465315722,0.9635153250881372,0.9527601537118459,0.9705512818569283,,
betweenness,comm,pre,4009,134,2384.2051951132516,5.9220783325227435,0.6185153429695157,0.6981801150011466,0.5259684161082339,0.6985022447347348,419.0,0.93
betweenness,comm,post,2306,77,3012.3080062787094,2.6119314322791842,0.9739317520448516,0.9726777416121415,0.9664154653990845,0.9797161230442089,2522.0,0.95
betweenness,comm,all,6315,211,2613.5646697842803,3.168246398637634,0.8608269671512102,0.8793892866229521,0.817324719251945,0.8921057275775369,,
betweenness,conf,pre,4009,134,1465.286255649827,3.6395944456932665,0.8340688501376874,0.8542275900510143,0.8048289539351932,0.8660968129779474,691.0,0.77
betweenness,conf,post,2306,77,1299.370823682785,1.126666824736895,0.9181180398021086,0.9559159569100564,0.8469148582760369,0.9650313204332875,1095.0,0.94
betweenness,conf,all,6315,211,1404.7001929236196,1.7028223479020246,0.9060631051114348,0.9312038753863334,0.861915395373138,0.937800147241373,,
clique_number,comm,pre,4009,134,238.39838363681713,4.223759539425362,0.6687737144260036,0.6657227330054512,0.5819583740919658,0.7350452179010517,191.0,0.8
clique_number,comm,post,2306,77,477.88686903729405,12.1530367317745,0.46889606693539937,0.3609803760585234,0.36494033450316227,0.5754654632577884,552.0,0.38
clique_number,comm,all,6315,211,325.8505526524149,5.360273269309614,0.4722731794297388,0.45475397923388117,0.3864776763024478,0.5568792536313028,,
clique_number,conf,pre,4009,134,164.306038912447,2.9110482573526406,0.9153234179941775,0.9198280174326265,0.8940713207330551,0.9331759260549352,203.0,0.74
clique_number,conf,post,2306,77,216.11117953165655,5.4958762693903855,0.8759361570108397,0.8528284930949778,0.8307369768365084,0.9129640194228312,259.0,0.85
clique_number,conf,all,6315,211,183.2233238321457,3.0140414894405465,0.9064877011074236,0.9071451056972196,0.888264276596324,0.9225062385574619,,
rich_club,comm,pre,4009,134,0.10859671377126652,11.310206233941871,0.6150311342307712,0.6197668856538414,0.5468666179080411,0.6708849676939107,0.017,0.86
rich_club,comm,post,2306,77,0.21279499621569048,77.45920315306788,0.33200193492821933,0.1682376249879786,0.22756029902308758,0.4535080008892729,0.183,0.41
rich_club,comm,all,6315,211,0.14664599949048132,14.340375522107284,0.3696055999161076,0.3786053638837119,0.29900966279709124,0.44190998998019543,,
rich_club,conf,pre,4009,134,0.01922516836245046,2.002276233879018,0.9675336054598295,0.9693272184599582,0.9625518560137527,0.9720459775371747,0.014,0.93
rich_club,conf,post,2306,77,0.007370759614649178,2.6830196975347915,0.9792424388534192,0.9783393071106236,0.9731678943830374,0.9838294490203476,0.011,0.96
rich_club,conf,all,6315,211,0.01489638505723593,1.4567036017681254,0.9745531408018457,0.9750566896743732,0.9710877083168055,0.9776369756165819,,
matching_index,comm,pre,4009,134,6.769945966788506e-05,3.483605927468066,0.7106219477962781,0.7361112824059115,0.6431181637244763,0.7683425462894096,0.005,0.97
matching_index,comm,post,2306,77,0.00023823048342509157,20.164349396477125,0.5181127698649804,0.4218398406267096,0.41757942066882464,0.6125709211410206,0.02,0.8
matching_index,comm,all,6315,211,0.00012997096256323239,4.430076706164091,0.44007767267560755,0.43944584148546073,0.36213113682582904,0.5142815868694018,,
matching_index,conf,pre,4009,134,1.8916693100687517e-05,0.9733948326460548,0.9387693712491526,0.9393562892871817,0.9154011104247136,0.9585354619817594,0.007,0.9
matching_index,conf,post,2306,77,1.216027633361524e-05,1.029272397148246,0.9239949621394616,0.9153390282033813,0.8925976505299147,0.9461831691178079,0.005,0.94
matching_index,conf,all,6315,211,1.644950433348741e-05,0.560683436812084,0.9483200073610274,0.9471301506347872,0.9353991590925166,0.9587601434914581,,
