ticker,date,log_return,pct_move,trailing_vol_20d,sigmas
WMB,2002-07-22,-0.9428014355301984,-0.6104649519372715,0.07209253573516308,13.077656735416335
AIG,2008-09-15,-0.9362582768039021,-0.6079078055040792,0.09878403382653636,9.47782997450743
HXL,1993-12-08,-0.9267621091892659,-0.6041666973230925,0.03141492869466546,29.500691158552225
BH,1990-11-28,-0.9162908237346663,-0.6000000367442028,0.03325003977726245,27.557585791559212
STT,2009-01-20,-0.8925044695568443,-0.5903714352613026,0.040256011542090325,22.17071277972165
ARL,2000-06-15,-0.836559502166071,-0.5668016194331984,0.011608072067674483,72.0670493161113
TRV,1986-06-09,-0.7355866461580758,-0.5207757585647301,0.014237705310735163,51.6646910512642
MOD,2009-02-11,-0.6435502209536702,-0.4745762614834916,0.08407044398919862,7.654892616439062
THC,2002-11-08,-0.6290560395482707,-0.4669052160353761,0.07781718942169569,8.083767149946537
TSN,1986-04-16,-0.605178891869665,-0.4540232528981503,0.01988772225461147,30.429773913869848
AIG,2008-09-17,-0.6039158329894212,-0.45333321643270963,0.2227592564879497,2.711069530895523
RAMP,2001-04-02,-0.5962051261937935,-0.4491017362634652,0.036540069634510584,16.31647482222372
SCI,1999-01-26,-0.5881493261628732,-0.44464588639283786,0.011550096417855465,50.92159449453984
FITB,2008-09-29,-0.5731663652379431,-0.436262389438589,0.06937841192147891,8.261451211749286
TYL,1989-08-25,-0.5695331717216646,-0.43421049640187453,0.019279101371300664,29.541479177524604
GTY,2008-03-18,-0.5593382612878672,-0.42841281990763525,0.02328487345783233,24.021528925239778
HAL,2001-12-07,-0.5524470839752695,-0.4244603082120497,0.0319432744051476,17.294629128134833
PCG,2001-04-06,-0.5523920651400367,-0.4244286418174612,0.07168597631413459,7.7057200521257245
CNP,2002-07-23,-0.5483409818629424,-0.4220922249993008,0.03902448180548377,14.051204692380793
CI,2002-10-25,-0.5416955100419987,-0.4182389659840469,0.04378064728385298,12.372944294996406
PNC,2009-01-20,-0.5343642579782628,-0.41395825689716637,0.03509033105039923,15.228247838721467
PKE,2000-12-19,-0.5334593479881446,-0.41342770185313077,0.06170332463404271,8.645552750229387
RF,2008-09-29,-0.5288437547308948,-0.4107140650044846,0.12527130899350314,4.221587201250702
WMB,2002-07-23,-0.5241815612980614,-0.40796028565029857,0.21424227788741973,2.446676568541289
BC,1987-10-19,-0.5128746381185971,-0.40122814993344863,0.02761945585358892,18.569324494926764
LNC,2008-11-19,-0.5089084719241683,-0.3988486055485697,0.09924461450029279,5.127819524380005
DXC,2001-03-16,-0.5034595085386511,-0.39556401292553617,0.013378134823393572,37.63301201437143
AIG,2009-03-16,0.5068174191147827,0.6599996957989371,0.12393935584054794,4.089237156975545
BH,1990-11-30,0.5232481097421342,0.687499942587178,0.2010459121635338,2.602629937168363
UIS,2009-04-16,0.5248118791727634,0.69014086777245,0.11201352731627548,4.6852544665514575
DVN,1988-10-03,0.6271887681010576,0.8723395929639309,0.03128942545792494,20.04475182660167
SPB,1991-01-02,0.6286088505895786,0.8750003584385426,0.10292711418625683,6.107320267932981
PNW,1989-12-07,0.6455188023658236,0.9069761164001242,0.07930234258374397,8.139971422460189
BXMT,2009-03-12,0.6613982542076142,0.9374995581769082,0.09919933021239732,6.6673661282942485
SPB,1998-12-23,0.6844131894502796,0.982608078781594,0.030192909463186843,22.668010523621803
WMB,2002-07-29,0.6981849380350633,1.0101009366220923,0.2496061460649136,2.79714642063938
SPB,1998-07-06,0.7780469391259031,1.1772158752161723,0.01934613700236059,40.2171730217235
