measure,model,era,n,chi2,paper_chi2,rho,paper_rho,rho_delta
modularity,comm,pre,4009,0.00012083248958257783,0.0003,0.9687617217385344,0.99,-0.021238278261465626
modularity,comm,post,2306,0.00010192808683995679,0.0002,0.9737546857406766,0.96,0.01375468574067662
modularity,conf,pre,4009,0.013519951814801461,0.0295,0.5403296768095576,0.07,0.47032967680955756
modularity,conf,post,2306,0.016228775397990863,0.012,0.66369542013386,0.71,-0.046304579866140005
path_length,comm,pre,4009,0.08371781103779888,0.0189,0.6892600271370882,0.89,-0.2007399728629118
path_length,comm,post,2306,0.13600214922672818,0.1152,0.870108988149638,0.72,0.15010898814963802
path_length,conf,pre,4009,0.0535022637030606,0.0333,0.9393174101822089,0.81,0.12931741018220888
path_length,conf,post,2306,0.06630541640908766,0.0688,0.6172656127959886,0.76,-0.14273438720401144
assortativity,comm,pre,4009,0.007697371306884069,0.012,0.2825008697413403,0.76,-0.4774991302586597
assortativity,comm,post,2306,0.024779008838191445,0.0259,0.5619719242146216,0.53,0.03197192421462158
assortativity,conf,pre,4009,0.13268214569453934,0.1012,0.5614208076558505,-0.47,1.0314208076558504
assortativity,conf,post,2306,0.06572271869681182,0.073,0.7337032236773591,0.78,-0.04629677632264095
transitivity,comm,pre,4009,0.054783801290256895,0.0188,0.7987126674494976,0.97,-0.17128733255050232
transitivity,comm,post,2306,0.09890534074532475,0.1184,0.7718058501077016,0.8,-0.028194149892298404
transitivity,conf,pre,4009,0.026049330220890204,0.0161,0.9633277713900341,0.92,0.043327771390034076
transitivity,conf,post,2306,0.01932089553512576,0.011,0.9377116527976281,0.92,0.017711652797628097
betweenness,comm,pre,4009,2393.1039148682435,419.0,0.6112445624236991,0.93,-0.318755437576301
betweenness,comm,post,2306,3013.525732218287,2522.0,0.9698473632172602,0.95,0.019847363217260217
betweenness,conf,pre,4009,1465.0273624660874,691.0,0.8337342544001337,0.77,0.0637342544001337
betweenness,conf,post,2306,1300.6243178122297,1095.0,0.9171584911793265,0.94,-0.022841508820673484
clique_number,comm,pre,4009,238.71563981042655,191.0,0.6282377486983853,0.8,-0.1717622513016147
clique_number,comm,post,2306,478.917172593235,552.0,0.40345618269239425,0.38,0.023456182692394245
clique_number,conf,pre,4009,164.62783736592667,203.0,0.9023462371985789,0.74,0.16234623719857888
clique_number,conf,post,2306,216.58933217692976,259.0,0.8552365993912847,0.85,0.005236599391284735
rich_club,comm,pre,4009,0.10901919009039525,0.017,0.5819175006348087,0.86,-0.27808249936519125
rich_club,comm,post,2306,0.2129563648711993,0.183,0.287576073542692,0.41,-0.12242392645730799
rich_club,conf,pre,4009,0.020088971669713757,0.014,0.9413429482477192,0.93,0.011342948247719198
rich_club,conf,post,2306,0.007607538513180312,0.011,0.9434194675699118,0.96,-0.01658053243008817
matching_index,comm,pre,4009,0.010677897783025605,0.005,0.8314940124512605,0.97,-0.13850598754873944
matching_index,comm,post,2306,0.020247804156842478,0.02,0.8273538570573198,0.8,0.02735385705731974
matching_index,conf,pre,4009,0.0050594287584889595,0.007,0.9619372728221205,0.9,0.06193727282212047
matching_index,conf,post,2306,0.004450612106684966,0.005,0.9292266818478887,0.94,-0.010773318152111244
