Date,META,AAPL,AMZN,MSFT,UBER,NFLX,GOOGL
2019-06-04,0.020202759830217933,0.035930521700705854,0.021548041312531258,0.027326735440074676,0.035718082602079246,0.04861621334554894,0.015048800947478192
2019-06-05,0.003991939989921188,0.016014588965261284,0.005155703373834923,0.02144763689998331,0.05129329438755048,0.006571504262242448,-0.009384970333059652
2019-06-06,0.000951104903101404,0.014574845969431602,0.009081436911120979,0.015690999105866816,-0.001779400662649114,0.00392782772285463,0.0029822949575671336
2019-06-07,0.029386346903650672,0.02626911532931846,0.027918906052417206,0.027623092500817185,-0.01706369059417254,0.010417936380027774,0.01947956594213645
2019-06-10,0.00844417475127076,0.012698316915956928,0.030892108542121512,0.009091008356498714,-0.03573041667753862,-0.02485824221429159,0.013379154677801026
2019-06-11,0.018588242452128163,0.011513063590708304,0.0016485738255397314,-0.003777784023856581,-0.003762051105942537,-0.0021044631014189206,-0.0015897082194731363
2019-06-12,-0.017330720507135137,-0.003187715337184014,-0.004506557485555057,-0.004628105844732146,-0.00661790639233887,-0.016388844827109304,-0.0017960751371912719
2019-06-13,0.013787047146143323,-0.00020623363617204183,0.008041663860675924,0.006292118823441457,0.04950139186652064,-0.0061830196426562335,0.010976321363347877
2019-06-14,0.02151709496490917,-0.007288707912076435,-0.00033692003755475005,0.0009817434273259797,-0.024675728113686138,-0.010832090874303325,-0.004326566490748555
2019-06-17,0.04148134173678964,0.005948673191875092,0.008712154694986924,0.003015978765494805,0.012642376121537813,0.03155185185057674,0.006962988548010074
2019-06-18,-0.002861213613068084,0.0232463765646776,0.008100570364277153,0.01723824484330123,0.0018256926935960316,0.01836888641192718,0.010322203605525136
2019-06-19,-0.005266600935027423,-0.002926837324829143,0.003894877641195274,0.003913526636630679,0.022543785792112622,0.017762438662154812,-0.000660697286752113
2019-06-20,0.010875209111700422,0.008003574446643898,0.004912512407217872,0.009242933575633681,-0.022543785792112758,0.004638179262061509,0.007837060192516067
2019-06-21,0.00845878332099611,-0.0034155349471357184,-0.0035983699946725073,0.00014618387727030987,0.003186877012614895,0.010893098605500964,0.01087307782489432
2019-06-24,0.00760938489530782,-0.0010063161489960218,0.0013593775173540569,0.005896308575303082,-0.020898678749370677,0.004944249273810831,-0.007733989431487041
2019-06-25,-0.01971554277320441,-0.015273479194742328,-0.018791923549513204,-0.032081108757347404,0.0,-0.029372892100823878,-0.026422866420021382
2019-06-26,-0.006268011477201576,0.021398333909236084,0.010360034971862483,0.00374038012340498,-0.013786879238519355,0.00525959527791279,-0.006697829493806876
2019-06-27,0.00975700315705549,-0.0003003193849755624,0.0033927983928228453,0.0016412339960820298,0.06004316157605957,0.021360449388509083,-0.0034213965623632807
2019-06-28,0.01830130432254951,-0.009153701903981445,-0.005608294946465263,-0.0014172651692769022,0.027321117350605963,-0.007323668166639886,0.005714442210670333
2019-07-01,0.0,0.018174525693217647,0.014969473796872794,0.01275785444846191,-0.046561097772719016,0.019625405196213506,0.01576001700476594
2019-07-02,0.010309210557140033,0.005837602185672457,0.006285541940847791,0.006611481068857752,-0.006117623166056598,0.002213250638250386,0.011389288242032194
2019-07-03,0.011218876239435755,0.008252805332721337,0.0024216723035965513,0.006422178393839692,0.0052136476123547035,0.01661536252573558,0.00929523179190478
2019-07-05,-0.004064936714400862,-0.0008811290166590023,0.0020145063009627206,-0.0029143295370805036,-0.015952954009211026,-0.0030697960011065177,0.008582870237141774
2019-07-08,-0.0032639828714362902,-0.02082930309507454,0.004831530386180489,-0.0007294664424946299,-0.01341366132770753,-0.011602967923154312,-0.014119116006659138
2019-07-09,0.017470126510536182,0.0060809731229843865,0.018261630021034286,-0.003657598161938224,0.028688140151028618,0.009972411218934048,0.006693227711839122
2019-07-10,0.017515532195005085,0.009840052772330401,0.01453448569859851,0.0101344018706073,-0.01137668678461291,0.002812309048870246,0.014674531719316765
2019-07-11,-0.007426645194752343,-0.0073091113556999834,-0.008132486532284676,0.003981919811119881,0.006614253956158961,-0.003944718137894239,0.002774453700490106
2019-07-12,0.017927218643072097,0.007653773333234205,0.004950130483804872,0.0036063043854407265,0.0,-0.016606160079750482,0.0011007884782880794
2019-07-15,-0.004696920313990823,0.009350859443376738,0.004955344390456677,0.0,0.012200718404288324,-0.01797712561638039,0.004503744343653638
2019-07-16,-0.00034337895798894737,-0.0034658806625119574,-0.00550248861151783,-0.013189139247793122,-0.009023244435270032,-0.0016653473023938803,0.0025607726107017823
2019-07-17,-0.010058216805867016,-0.005639323705707143,-0.00893076292309193,-0.005926565004208652,-0.011624111198631118,-0.00974705490116737,-0.0058428381380161995
2019-07-18,-0.005067340796210404,0.01129572214882775,-0.0071185921362067655,0.0010999535281108275,0.0020611516430740643,-0.1083878043466093,0.0004358565672106844
2019-07-19,-0.012126256815430671,-0.015040269464551703,-0.006787722315432412,0.0014646458667545714,-0.012199455775545985,-0.03158106866617641,-0.01377065372889776
2019-07-22,0.019766935110542172,0.022596712636327784,0.010688342420228144,0.013161888671702824,0.011741779376540102,-0.014319747042890503,0.006746550460095314
2019-07-23,0.00019771598167539784,0.007787470929723681,0.00445214230282264,0.0061930115906638295,-0.007581840322963197,-0.010745854743995701,0.007729794703972012
2019-07-24,0.011301803054709732,-0.0008142048866341283,0.003163662575726461,0.010214229880177736,0.009182748549772555,0.034038251169592845,-0.007273431242685203
2019-07-25,-0.019488853534520324,-0.007938729382029141,-0.013581296228977947,-0.0037730837809609053,-0.008260643492678093,0.02644472151176035,-0.0033308451079728197
2019-07-26,-0.004794658341718909,0.0034720513495082443,-0.015711904843454392,0.008169169857823679,0.025479060424688102,0.02814873032993788,0.09185181647218187
2019-07-29,-0.019258052066335754,0.009295067071948162,-0.01587374871748098,-0.002195512112355347,-0.014479876940784973,-0.009214960467934543,-0.002718197215171345
2019-07-30,0.005598260020480334,-0.0043014254662244325,-0.0073052312577508716,-0.004833521235420366,-0.029839172230923507,-0.020558608279470845,-0.011207306450616529
2019-07-31,-0.014363804995399408,0.02019894002076361,-0.016864897630143417,-0.029500782266496956,-0.010622093625696022,-0.009061232126862316,-0.008012497595150941
2019-08-01,-0.007752758823195564,-0.021876913144528127,-0.0061578127469772434,0.01305016213553754,-0.019892759239920687,-0.010864058680391784,-0.005283903703882841
2019-08-02,-0.019437335579773535,-0.0213853886657632,-0.017442009143555034,-0.008437896040013187,-0.02227481191583828,-0.0020992705085811276,-0.012840156426370916
2019-08-05,-0.03933088732867843,-0.053767748376278436,-0.03239082144570347,-0.03485872846029314,-0.033986965988190704,-0.035760249181224925,-0.03536635091941254
2019-08-06,0.015181754480966467,0.018753690653133724,0.012778275729818725,0.018583764061302854,0.0025576046638140725,0.007997055480355078,0.014042508757690461
2019-08-07,0.003462485011517031,0.010301995093944994,0.003110618555960309,0.004370832070992812,0.013950745498756004,-0.018913611349786367,0.004116024231396544
2019-08-08,0.026699667940808334,0.02181632841337397,0.021780725021871127,0.026335847839305926,0.07915101928440475,0.03744449050077772,0.025424269894237028
2019-08-09,-0.012222107463968956,-0.0082746259103518,-0.013905054350440298,-0.008532047151741955,-0.07037357173047398,-0.02231100998106124,-0.014438274119324765
2019-08-12,-0.013289907934033353,-0.0025406427446193394,-0.012615288866911465,-0.014040812034730848,-0.07921074182046935,0.0061314421653882265,-0.012185936147838205
2019-08-13,0.01647891284955869,0.041476148850266896,0.021844688318190798,0.020482688531416982,-0.014976433258433982,0.0046540969517242575,0.018750306684483256
2019-08-14,-0.04748815117307893,-0.030216723104987624,-0.03422406490530883,-0.030577091072064043,-0.0707581449016356,-0.04308886652953053,-0.027515665117193548
2019-08-15,0.01589862065342072,-0.004994100935108077,0.007436962772528972,-0.0022418594515808718,-0.0220311935529765,-0.011263053393592019,0.004345186459900432
2019-08-16,0.00606073081749499,0.023320448374181624,0.009219158337593528,0.018161349370501203,0.05874583842839205,0.023524222388601652,0.008422349758305364
2019-08-19,0.013356260728316367,0.018472615641238227,0.013051989159110924,0.016610162249828517,-0.017755304077196,0.021497741690991966,0.017843492358629375
2019-08-20,-0.012757487207645152,4.7354648145025966e-05,-0.00814931406190375,-0.008343340803117336,0.019456988347771965,-0.03416015230168971,-0.014186614424852651
2019-08-21,-0.0014155866371059448,0.010780503033768625,0.012226647744316171,0.011085055051410178,-0.010826346884095197,-0.003954429748092325,0.006778621822735879
2019-08-22,-0.00826058993975814,-0.0008469446238938861,-0.01040746095441238,-0.007303948366460993,-0.026412792129889808,-0.0029592563713158144,-5.032099986494184e-05
2019-08-23,-0.023848458679734553,-0.047322892269173786,-0.030973573737141446,-0.032380886592896126,-0.016906815055354258,-0.018662325699772307,-0.03235962662053821
2019-08-26,0.01457678824011192,0.018821200661716088,0.010942233772083079,0.015325177739502436,-0.0035960161276298664,0.01207340820545039,0.015141560711833238
2019-08-27,0.005198300530057885,-0.011348391111302293,-0.003987853398843467,0.002138916113285909,-0.006022323439967458,-0.013481153353375576,-0.00030748747352426505
2019-08-28,0.0025338372051330557,0.006688564304628432,0.001372654229947393,-0.0013266977713702265,-0.01582987246169326,0.0025394455663196778,0.002499554249161716
2019-08-29,0.020745155909895154,0.016789705329248776,0.012476729930588952,0.018707878123388696,0.005202710218100635,0.017025284382856505,0.01730630980193323
2019-08-30,0.000538689458561308,-0.0012925791686433528,-0.0056755109689405545,-0.0018838192191631502,-0.005816597831317889,-0.010262041152833414,-0.0031115225061527953
2019-09-03,-0.01782358252575586,-0.01467052568205088,0.007599287077514432,-0.01328978459622491,-0.059128930473700096,-0.015299390730402505,-0.017779585164766427
2019-09-04,0.02570965476281817,0.01682409955176644,0.006004836143353969,0.01162027073792128,0.0411606673620343,0.007678953999434356,0.010817181673060072
2019-09-05,0.01989279002493554,0.019362953121989934,0.022025802871529235,0.01743057433658389,0.016124335879932977,0.00591688482287449,0.024992479373276966
2019-09-06,-0.0180241908582891,-9.386175421994209e-05,-0.00392468200476568,-0.006806600575127559,-0.02019635904736455,-0.010558548589208818,-0.004854299981863683
2019-09-09,0.006750840893447268,0.0042580326053946885,-0.001178781440171449,-0.011423735653301917,0.011856646060849692,0.01426859729330743,-0.0008708205777209127
2019-09-10,-0.013816161176671572,0.011743853073491333,-0.005914756798134451,-0.010526231642685149,0.038635881960631724,-0.021809812361204804,0.0003567949229436451
2019-09-11,0.012384723703092093,0.031300042177723315,0.0013393751130937493,0.00029347667963612514,0.014516672955478347,0.0009717794190150694,0.01179051154557325
2019-09-12,-0.005426056008603445,-0.0022385380530194517,0.011215049350112213,0.010232754963048913,0.002056698099397069,0.0020446012677614264,0.01219580687787482
2019-09-13,-0.0014946607495740952,-0.019646144507132868,-0.002286194656506738,-0.0014554101195594494,-0.024362455613695308,0.018147741855025056,0.004088801061152139
2019-09-16,-0.0051954113374627475,0.005243501575808107,-0.01727409924180755,-0.007235924584227318,0.03487351911222831,0.00047583232981718076,-0.006797029562426746
2019-09-17,0.009938647202221765,0.003631420317695533,0.00810390258526882,0.00774593636210862,-0.004074493039719321,0.014539200780742978,-0.0014218294486056055
2019-09-18,0.0003188862036568656,0.009335650121149551,-0.0027967121376823445,0.008190961139785015,-0.0008753492704249581,-0.023859084321369458,0.002249667698117426
2019-09-19,0.010574357488384737,-0.008158227291889374,0.002220369938279536,0.018241487088242483,-0.012926109457042763,-0.01715831115416117,0.004936472020053023
2019-09-20,-0.001105079488352485,-0.014726067862377873,-0.015123356081273286,-0.011621935959093771,-0.03674009288034487,-0.05689159601015784,-0.007218683778763385
2019-09-23,-0.016509937902655977,0.004536883933311865,-0.004950486377768806,-0.0021539230718789822,0.012195319899920686,-0.018000437969057554,0.0039358351415493325
2019-09-24,-0.030102796955316195,-0.004766393182611621,-0.024776514664445734,-0.0127298026431081,-0.052889488295435445,-0.043541082420914694,-0.013338916382529195
2019-09-25,0.008349729560590513,0.015272466012995336,0.01522560943795219,0.01430938904322253,0.012067503408254028,0.03913160522032296,0.02240931880574306
2019-09-26,-0.014824867508804986,-0.005171104495746947,-0.016242438483099607,0.0012911265198355419,-0.0034782836760373177,-0.005453977377517556,-0.0029340132105065255
2019-09-27,-0.016853043554447385,-0.004877966594281034,-0.00830524237371174,-0.0130563993022376,-0.041389637638716906,-0.0008738316193155494,-0.013240258513840562
2019-09-30,0.005518152507687826,0.023262574501635224,0.006043915850105009,0.009395189538105567,0.0059249151979395105,0.017109841484006554,-0.0039312360738742004
2019-10-01,-0.012828873812705472,0.002764327283715167,-0.00014979419150042044,-0.014198114258407054,-0.04428767075242302,0.007297167725007104,-0.012475761094234032
2019-10-02,-0.006906287851837256,-0.02538753708404482,-0.013001530778686167,-0.017813463845683577,-0.005159069723587229,-0.005766303344561513,-0.023558909658300226
2019-10-03,0.0270088079168957,0.008459026055774317,0.0065103035515946435,0.012032958102259376,0.0245243667592648,0.00044764958749801323,0.00972403704381078
2019-10-04,0.005947262837867847,0.02764615560641192,0.008793152669587833,0.013411020959949263,-0.0016837598715913797,0.017155698448768658,0.017939252049159398
2019-10-07,-0.004276373976816076,0.0002204274229595607,-0.004026085267119779,-0.007266272762657435,0.0233188698171414,0.006103255913829978,-0.0022404455212034794
2019-10-08,-0.010799300738064904,-0.011784465869048147,-0.015793681068500286,-0.010630941579802902,-0.036550594147170545,-0.013720404690019174,-0.01511048818147459
2019-10-09,0.011744968419561108,0.011652005310420158,0.009616472379736505,0.01876614984922609,-0.007198008471296722,-0.011853375741319607,0.010257091472122155
2019-10-10,0.0010005225861527214,0.013388534324526996,-0.00100518069222072,0.006201705177223692,-0.006903681328584555,0.04727071386488564,0.005862597072234683
2019-10-11,0.02284437131928751,0.02625068388919755,0.006755179581182764,0.004160904296126134,0.0427183025442254,0.008697058195412645,0.005146207396360774
2019-10-14,-0.00495299588481125,-0.0014403769007911395,0.0026006849008286315,-0.0009312363266465516,0.03232940098938218,0.009147593412635999,0.0016929531107299852
2019-10-15,0.03014984340618972,-0.002334581818662246,0.01766694892629402,0.014371532853832754,0.02788517652188196,-0.004492978959297173,0.019894810960792243
2019-10-16,0.0034881507386898937,-0.004045193696617623,0.005670218199067944,-0.00822751878430396,-0.004070748037460249,0.007116256141228304,0.0006118018479413002
2019-10-17,0.0044216750130959956,0.0038751808554447474,0.005638333382188143,-0.005141001700337643,0.023260409686418352,0.024396042231046796,0.007852951591995618
2019-10-18,-0.024134671682931676,0.0047913353480834725,-0.016908737986876143,-0.016456818014888457,-0.017316374432250224,-0.06350496707220248,-0.006719348427169832
2019-10-21,0.020820128023751012,0.017193946566540743,0.015889987789337544,0.0073956224267634875,-0.02048288132381917,0.009939527518865194,-0.00010447512624692663
2019-10-22,-0.039887039732680006,-0.002289160044353892,-0.011223871111253501,-0.01499278493963403,0.0350363942671867,-0.04171400597889378,-0.0024783118700384943
2019-10-23,0.020679596045167968,0.013329624164578637,-0.002018214434825777,0.006359538373558581,0.01585884025349192,0.017027706037398387,0.013150127030323673
2019-10-24,0.0012349600331558036,0.001643424792207019,0.010505509905438084,0.019482656936083614,0.00693503605993172,0.0008474606558901892,0.0011762376423719004
2019-10-25,0.008069092557734359,0.012241116883867616,-0.010982306485900742,0.005629054016000455,-0.017275765712152343,0.019405321481731533,0.004113458721407265
2019-10-28,0.008004421862118112,0.009967138722759583,0.008902345419024592,0.024288961680894287,0.015471327370104957,0.01804307619156418,0.01933262906781178
2019-10-29,-0.0004751436748655573,-0.023399495394755526,-0.008119150571146162,-0.009476944504745111,-0.024376681102819767,-0.0023087915053411,-0.022215730904788778
2019-10-30,-0.005615144170112997,-0.00012349289782965817,0.009755331152435024,0.012385366981119176,0.04020495749018017,0.035766748706486454,3.144317999364197e-05
2019-10-31,0.017899949785693044,0.022357863642643853,-0.0018725073161205933,-0.008611686619921401,-0.06899287148695143,-0.013958739523415557,-0.0015081265741160531
2019-11-01,0.010226680744151636,0.02798566183346231,0.008284550823414213,0.0024382903705660428,-0.0041354968762626725,-0.002089773565747695,0.01062820005140389
2019-11-04,0.005665229095017648,0.006545562324306503,0.007352477288485275,0.005758440866228022,-0.009287525910638077,0.020874688051063392,0.013552855876810049
2019-11-05,-0.0020564077794848253,-0.001437978380145047,-0.001635984259248522,-0.0006227561058692917,-0.10364596579879247,-0.016630031264446947,0.0014180661927306857
2019-11-06,-0.014357378545231553,0.00042765802107345936,-0.0033023668647886115,-0.0027728065972950685,-0.03930636643971135,0.0019423459013012646,-0.0003330433814269539
2019-11-07,-0.0059167916860294305,0.011475301309214704,-0.004224307928792128,0.0013872520778995883,0.016200598402790197,0.0033901194821008376,0.012263697199149383
2019-11-08,0.002203261403545064,0.0027329588948140325,-0.001298291684538671,0.011715526247284431,-0.013605612930482309,0.0068830107746907605,0.001574988450197176
2019-11-11,-0.006466003744827692,0.007887668731429986,-0.007999998745449705,0.0010268308974981778,0.0048014556392284285,0.008911699940604246,-0.008223162164710507
2019-11-12,0.025308630397148472,-0.0009159422846719798,0.003577876408002885,0.006549268182509815,-0.016345037937004304,-0.007403744421300186,-0.0008246591571897681
2019-11-13,-0.0066038407003722165,0.009536127372831068,-0.014097774253444028,0.0016302795591862363,0.0003743988645781069,-0.030952511767082053,-0.0007944603786034282
2019-11-14,-0.00020710177476734054,-0.006943505314871781,0.0008495689742594642,0.005078558630164405,-0.02732615299842881,0.022734171406719263,0.00995658422766647
2019-11-15,0.010045180472294187,0.011808963468007224,-0.008648952687683294,0.012817355682208084,0.03031687788387231,0.01850733966433503,0.018459176181979627
2019-11-18,0.011719828730813914,0.0050299655485289314,0.0074684960238794,0.002464281454225179,-0.0014942443887208856,0.02523559977416086,-0.010326522187807831
2019-11-19,0.009679465473980296,-0.003037212344554542,0.0001483515094221294,0.0003326359642461101,0.011152503745688807,9.915426713285484e-05,-0.005508350905805312
2019-11-20,-0.009122548317147662,-0.01170972229103879,-0.00415064502033856,-0.001736354084962152,0.035588412585799506,0.008424444805198446,-0.008208266530223612
2019-11-21,0.0021244109867102033,-0.004493622656683326,-0.006217986458149935,-0.0009359360542290343,0.049757990284016326,0.021172870476656554,-0.001321809531839055
2019-11-22,0.0044865146774275425,-0.0008782443203057878,0.006326901323545818,0.0007357834952307548,0.003388698055578884,-0.003889626327224364,-0.004989034578040808
2019-11-25,0.004866957844693535,0.017381813165464374,0.015979589635143454,0.010903432253860602,-0.01534029928849216,0.016197659828754696,0.009210307929458783
2019-11-26,-0.004112777516052595,-0.0078391010799397,0.012938516318668469,0.005275857122788633,0.014324940283696326,-0.009744671458349615,0.005621188602629951
2019-11-27,0.01511360183655932,0.013342746996795793,0.011932253434933026,0.0019058809343581733,-0.0013555039424557659,0.010948196857944376,-0.0006628808112857299
2019-11-29,-0.0017838765866777387,-0.002205577259442019,-0.009786452277548634,-0.006190512259937447,0.0037231591516577126,-0.00402800489696475,-0.006146312132380211
2019-12-02,-0.009667607370599062,-0.011629339836715666,-0.010719163262200036,-0.01216220211419929,-0.021168453120817013,-0.014952621589283469,-0.011747307203450153
2019-12-03,-0.004416298207923492,-0.017990866492793137,-0.006554897641658675,-0.0016062287392596714,0.0013793421334287823,-0.012432240915406914,0.0045517995568368904
2019-12-04,-0.0005534014738145797,0.008787773345343563,-0.005251180813047949,0.003610043266083463,0.0013773765342625186,-0.006028062415511522,0.0185183452919583
2019-12-05,0.00326579287101802,0.014563966584849392,-0.011544817962785503,0.0005338381858335566,-0.014209209918455866,-0.004809123931267729,0.006062355598550338
2019-12-06,0.008441343936519737,0.019132351637058755,0.006368715753630064,0.012065933540494992,-0.02796143958645534,0.014716553858894116,0.00932375979840834
2019-12-09,0.001441388315440599,-0.014099342149750404,-0.0011939050988062398,-0.002573085562099879,-0.006481848484863132,-0.01590590574064046,0.0026841167289623543
2019-12-10,-0.0023371050892526564,0.005827617143012342,-0.005904754434733096,-0.0015211014629513595,0.0075580379805481,-0.0314991866149682,-7.450936161992934e-05
2019-12-11,0.006896138498939856,0.008493225238183053,0.005453040216112708,0.003764480303053306,0.018824945598317093,0.019627329673212197,0.001012393890244481
2019-12-12,-0.0276201947767491,0.002545074590068623,0.0066172609838292965,0.010100331874292122,0.009455523254567876,-0.0016405175273913328,0.003149092851246496
2019-12-13,-0.01350872649288887,0.013501520437337341,0.0003464055904998532,0.008382971636836422,-0.006995508131982159,0.00020104261046330641,-0.001202006763584515
2019-12-16,0.019437854057182704,0.016973146152146963,0.004685424827782585,0.006450560785719316,0.053309495116159844,0.018948291233259616,0.010215929177091663
2019-12-17,0.0023717429865390935,0.0019631728318138383,0.012051086000576885,-0.0054154787877763325,-0.010033503600577361,0.03637706232503606,-0.004279030840823852
2019-12-18,0.020505233494843723,-0.0023921685316228244,-0.003709385461905557,-0.0020710273640004834,0.012692193296823705,0.016722633899614675,-0.002201967987147951
2019-12-19,0.01742741218217387,0.0010004775712096508,0.004613685162964642,0.008643078697953804,-0.00465734015948323,0.03497947066719019,0.003345341307914208
2019-12-20,0.0011640524460082566,-0.0020734892573606445,-0.003230170321979381,0.010858680511752062,0.015222034082409481,0.013988705912622834,-0.003855833400564408
2019-12-23,-0.0005817821887305428,0.016186703287876962,0.003631847326724357,0.0,-0.0039487000263602285,-0.011343323222712481,-0.00043666495786434754
2019-12-24,-0.005154517286348907,0.0009503744514726942,-0.002116000655262421,-0.00019055401843577795,0.0036202313530564645,0.0003001147065276835,-0.004601111234981467
2019-12-26,0.012932715367082879,0.01964581315998061,0.04350624357368459,0.008163143027294128,0.007527430075651053,-0.0017121253265862902,0.013329232078321868
2019-12-27,0.0014910525377286596,-0.0003790306064499615,0.0005509958634312385,0.0018257903915341787,-0.016436924913964427,-0.010699494165153213,-0.005763529685440087
2019-12-30,-0.01789104758732475,0.005917248292066308,-0.01232833213461872,-0.008655919620036923,-0.014355122363856386,-0.017719626720910733,-0.011082878112726383
2019-12-31,0.004101040663165453,0.007279831483674031,0.0005142525969060166,0.0006979316277573771,0.0,0.0008037708191700241,-0.00023857368902800025
2020-01-02,0.021830484920016827,0.022559950607944038,0.026788570977962715,0.018347031903911206,0.04117163107807426,0.019101274797297528,0.021632169401630718
2020-01-03,-0.005305401155318779,-0.009769595143594016,-0.012213314472679244,-0.012530261225942514,0.012187484541335334,-0.011926110012005595,-0.005244671649584503
2020-01-06,0.01865845272484143,0.007936981109398507,0.014775871094842,0.0025815383628772694,0.006671957456276928,0.03001449447192089,0.026305133881757346
2020-01-07,0.0021613409300870593,-0.004713962226472481,0.002089436023074214,-0.009159443094573118,0.038209382417275436,-0.015242258935465866,-0.0019337698332303685
2020-01-08,0.010086982091986357,0.01595795939641328,-0.007839287338238396,0.015803011102662225,0.03356619896153761,0.025403910325612396,0.007092697365544762
2020-01-09,0.01420952102597211,0.0210186580515406,0.0047876954600311996,0.012415711936101448,0.001178230316817462,-0.010667937138360098,0.010442985327331317
2020-01-10,-0.0011000996052911893,0.0022578606343420086,-0.009455156242405702,-0.004637996394998657,0.001176731559715506,-0.01988912144494268,0.0064380088326264195
2020-01-13,0.01750183708470537,0.021139463356710974,0.0043132627393767525,0.011952509653167485,0.0038151498214450655,0.029554363101517118,0.007717071471934449
2020-01-14,-0.012926320766496966,-0.013595393124143424,-0.011625527046359843,-0.007067665040139776,0.020296456875584623,-0.0006788214888722782,-0.006576975611192324
2020-01-15,0.009495546348569238,-0.004294753630961577,-0.003977024437111101,0.006454828029220913,0.004867530660099369,0.001121400424781998,0.006000398217134104
2020-01-16,0.002799700812450668,0.012448825571704899,0.008513567549042408,0.0181580140700974,-0.009470526311972713,-0.0013280995614086358,0.007586582466551074
2020-01-17,0.0016669191432453464,0.011010048005805361,-0.007064556764163625,0.0055809886456405855,0.01289233597027781,0.003096009916922606,0.020043760272772732
2020-01-21,-0.003156221066910788,-0.006800036933952624,0.014523546068980422,-0.003597261423887942,0.06794851313158033,-0.004603219502593546,0.0018434848175879995
2020-01-22,-0.0005419250486349672,0.0035632602635525534,-0.0024024329949913796,-0.0048164369444461536,-0.015005575318722954,-0.0364739761340691,0.0010922825049620116
2020-01-23,-0.007073702961954608,0.004804356460599905,-0.0015270766138826273,0.006136997111915587,0.009672310724147334,0.0698922830329218,0.0005523819146706988
2020-01-24,-0.008316231570063556,-0.002886292274016528,-0.012247117354347815,-0.010128096024712317,-0.016172920776552,0.010131648015848487,-0.012552450354569542
2020-01-27,-0.01418666707820887,-0.029846527316020912,-0.018049378179086813,-0.01686441718558526,-0.013680104189645572,-0.029540786396274735,-0.023769930326307233
2020-01-28,0.01349822559726209,0.027896952820378563,0.013532388730052893,0.019406244862333066,0.019370380793164294,0.016315172299690567,0.01302472655904568
2020-01-29,0.02467131094883249,0.02071588664030489,0.002559818728975466,0.015472447622825658,-0.0005404498257604477,-0.015498785670779098,0.004265259112996113
2020-01-30,-0.0633357486662413,-0.001449935601211461,0.00680130777131683,0.027816984081051915,-0.008415995512378432,0.013258158234568428,-0.0016830673508033635
2020-01-31,-0.037044942084748365,-0.04535135342444545,0.07119570893188107,-0.01486857038174824,-0.010689409255147046,-0.007649804221013578,-0.01487389440151049
2020-02-03,0.011229080836381331,-0.002750220186395022,-0.002252704013802056,0.02408629431916907,0.035195815182287246,0.036727745233975075,0.034180729726655215
2020-02-04,0.027246638811963222,0.032480436326245664,0.022433811849720944,0.032386545721610774,0.02469906532082349,0.030290805319172887,-0.025404372786171317
2020-02-05,0.001333572373153295,0.008121192947464117,-0.004792703414039184,-0.0012220778994833645,-0.045667542257696446,0.0017869197738330789,0.00044295562862639885
2020-02-06,0.00351566957207743,0.011628786529254807,0.005065879625856511,0.020521631795159083,0.007577810917007586,-0.0073850995080258245,0.02047945923783536
2020-02-07,0.00699491017817352,-0.01368569584811079,0.014069692433392624,0.0014149044471557343,0.09115934067297735,-0.0004906928334865659,0.0021252137457407035
2020-02-10,0.003431944023778004,0.004738243891485903,0.02593435798738784,0.02582041768671963,-0.01537735537050617,0.0116557842705175,0.019781513782745345
2020-02-11,-0.027937608651746475,-0.006051352175799004,0.007883866478429244,-0.022833799754402355,0.03100647393845306,0.007035880706010955,0.0009274028292895758
2020-02-12,0.017083884943292382,0.023470001559590507,0.004268347229322045,0.001462529859690721,-0.00048474207572364754,0.016770990890772032,0.0056592568982835175
2020-02-13,0.011229116997281163,-0.0071463962711439165,-0.004700848772083054,-0.005428483760052092,-0.028524182320140947,0.0036511234550572025,-0.0034564414720592955
2020-02-14,0.0048675477906572175,0.0002461928994586062,-0.007001620314183051,0.008887336244064792,-0.01078381121629928,-0.0026253224246678805,0.0035221259596876805
2020-02-18,0.016760562043548432,-0.01848038032555145,0.00969583372641929,0.010092160197424564,0.013026247737754747,0.01921481061620658,0.00046757319020712977
2020-02-19,-0.0014243871161826985,0.01437883433691364,0.006726973190216665,0.0029944495453235807,0.021421450330818655,-0.004108702449051157,0.003567185829175495
2020-02-20,-0.013470127729113865,-0.010312138010186702,-0.007919906743473367,-0.015389144794286292,-0.003171920976580313,-0.0004921329715924419,-0.005181106227232861
2020-02-21,-0.0207184515778478,-0.022894637901034603,-0.02689219882130043,-0.03212308744466066,-0.004899494116001285,-0.015481884455163115,-0.02235093068950028
2020-02-24,-0.04605335534109387,-0.04866566271831138,-0.042235023870589,-0.04407234972545299,-0.06100840766088166,-0.030372169208791953,-0.04381876313607818
2020-02-25,-0.019875388303783284,-0.03445926965973486,-0.018357980231590378,-0.016639774526532047,-0.06525230640601745,-0.02362930742242021,-0.023905542712381864
2020-02-26,0.002182817162325244,0.015738978709755273,0.0034663008478506324,0.012417386723618456,-0.04094966854739195,0.0518152755689201,0.002989021421724192
2020-02-27,-0.03851094863823789,-0.06760263375636776,-0.049333390430740226,-0.07306439807770816,-0.059808552944620494,-0.02005522547154752,-0.05584320023826359
2020-02-28,0.014232787950403739,-0.0005847216303988189,-0.0002918893180325476,0.02392454157513427,0.04282916863261805,-0.007236080704352145,0.018311141348078933
2020-03-02,0.020416820628944902,0.08901813122226432,0.03658851566405863,0.06441894585841064,-0.030577936813220245,0.032052649857974604,0.0345430374684604
2020-03-03,-0.05520202018723757,-0.03227453750207096,-0.023278669366774255,-0.049105582828347774,0.005767277881714353,-0.03275747441934856,-0.0356861350765817
2020-03-04,0.03108945229074615,0.045340752401659946,0.03441420829326915,0.03605724987925458,0.04410949968749954,0.0399224564611555,0.03227564129522758
2020-03-05,-0.03497005185987677,-0.0329745029536726,-0.02656658154602768,-0.025415598621864443,-0.06955154113053383,-0.02910714011165183,-0.04958815959761086
2020-03-06,-0.02228023884054176,-0.013368778806317655,-0.011994572145720599,-0.028674376196186152,-0.016591358340109146,-0.010273107475774392,-0.014572073015026438
2020-03-09,-0.0661412925614207,-0.08239587840546457,-0.05430184971456644,-0.07017869230062733,-0.11742799198267745,-0.06286141457217666,-0.06368799867767061
2020-03-10,0.049997540565224416,0.06954642235922331,0.04941384267449418,0.06614735931581717,0.028003203482686742,0.04965698930479484,0.047685445057308505
2020-03-11,-0.045641032375871624,-0.035347976297762734,-0.03823045590680999,-0.04636001387324598,-0.09897583272605091,-0.03980632378697697,-0.05171557654469764
2020-03-12,-0.09720938850691255,-0.10397750264419899,-0.08253503819368388,-0.09964171275869914,-0.14889264206861752,-0.10433861075444795,-0.08560844917100209
2020-03-13,0.09744417682218695,0.11315721325742167,0.06264454451479513,0.13292890135425747,-0.00044239012720829985,0.06463768776252701,0.08838757214373605
2020-03-16,-0.15376905173756514,-0.13770792173238267,-0.0551930111496119,-0.15945363540716553,-0.10782172419761238,-0.1180953113587774,-0.12368458132293572
2020-03-17,0.023086085650038845,0.04303076500984673,0.0679073394904408,0.0791223445891141,-0.07043732435861703,0.06763111324096954,0.04113654978203329
2020-03-18,-0.016600676317232825,-0.024784465390428334,0.012183223280898315,-0.04300771015200531,-0.24371327532541948,-0.013475834038547642,-0.02432612932120844
2020-03-19,0.041126774623177056,-0.007691763129565851,0.027450380856149387,0.016319016072233974,0.32395935180460916,0.05116168127475585,0.018594468259546967
2020-03-20,-0.022453693073838477,-0.06559010688182952,-0.018696493799985447,-0.038281681979657506,0.04017757782602981,0.002406577913934056,-0.03987902596920725
2020-03-23,-0.010945975657030736,-0.02147338624482034,0.03027242280070844,-0.010024782896943888,0.04894641292467394,0.07922188466041068,-0.013268545159430505
2020-03-24,0.08339245138847462,0.09560621329479259,0.019397213114498144,0.0869988772272065,0.16392418555599897,-0.00822206692361401,0.06951064919377024
2020-03-25,-0.030078638434865874,-0.0055242241554322846,-0.02836614678504326,-0.009618899975535177,-0.007607448475812511,-0.04268130339066588,-0.02544467383038841
2020-03-26,0.044632556779423974,0.05128499486991094,0.036267437779002064,0.060672954611982084,0.07110341787589727,0.05842488790545657,0.05415236741600093
2020-03-27,-0.04092677661016251,-0.042283473784643234,-0.028734293362178226,-0.041927613832027,-0.0303272386416282,-0.0163033696197749,-0.04633981979501553
2020-03-30,0.056779120930299916,0.02813835303776564,0.03305128565768252,0.0679767710240083,0.01996071465082032,0.03802234801067773,0.031953762442636355
2020-03-31,0.005109167131749081,-0.002042766184972418,-0.0072719999659999635,-0.015852106071574522,0.0032287078303916625,0.012164192704394113,0.013551419068947555
2020-04-01,-0.04412474454344628,-0.05405188950498598,-0.02178742279295421,-0.0361539785897186,-0.09380701186411956,-0.03088480119330735,-0.05288211314645371
2020-04-02,-0.008874001841470405,0.016549062643251938,0.005817252037933856,0.020497146332260893,-0.07090544585934777,0.01634553312240751,0.013456029811175125
2020-04-03,-0.025676126749150232,-0.014475830845394526,-0.006399314195321289,-0.009252772010673411,-0.036993491842537925,-0.022738210559879776,-0.022021799543456563
2020-04-06,0.07115272897795867,0.08364005783549575,0.04662517920980072,0.07173228224419843,0.1300745087861066,0.049084969198061344,0.07956263173407864
2020-04-07,0.01961903941914093,-0.011649828432922161,0.006988976113008688,-0.010828771165233118,-0.009665646570951836,-0.02041966492129206,-0.0005327335332342301
2020-04-08,0.03177055401796514,0.025272416016416454,0.015488887252484295,0.00998127413694875,0.04556599753027029,-0.003120829245693223,0.020456401178464974
2020-04-09,0.0052081973682170345,0.007189977759957272,-0.00011749136016937198,6.044095578490055e-05,0.006290495218281349,-0.0010784244695442868,-0.00035634681181203736
2020-04-13,-0.0022860042046143787,0.0194379388941451,0.059904424788693025,0.002238030751243027,0.03194460932562639,0.06778374167206945,0.0031775048194836166
2020-04-14,0.01915312408134712,0.0492690505192308,0.05142426317898339,0.04829798175079991,-0.008611455157646839,0.04154765057974094,0.04429488655246397
2020-04-15,-0.006758131671334472,-0.009169456777867607,0.01061218674730437,-0.010532858821983761,-0.012327935444618531,0.031419928727858044,-0.006287448585010438
2020-04-16,-0.0040767712072193206,0.007914625955860084,0.042632714874196495,0.02957916349921331,-0.013960519056379654,0.0286882338854291,0.00010333208646164136
2020-04-17,0.016822176204920148,-0.013661511398973857,-0.013877991515518532,0.008772888225305558,0.035257124483758465,-0.0376089318432561,0.017008726959393726
2020-04-20,-0.005594517867128155,-0.02097538583006878,0.007805217491159297,-0.02001983667917339,0.006762813895748419,0.033776215110852895,-0.01405469292138939
2020-04-21,-0.04263782197377116,-0.03139802763182644,-0.027741595250859077,-0.04223696018432686,-0.036118045784880905,-0.008401122020329024,-0.03961999321406872
2020-04-22,0.065050692378309,0.02839652005396583,0.015078276370104332,0.03340101393098653,0.03789012623408894,-0.02902281839368086,0.037445197040132994
2020-04-23,0.015514258923975717,-0.0038831517262402217,0.015100238852104056,-0.0121764679121136,0.003181906629220517,0.012451226746297516,0.010088602296726945
2020-04-24,0.02633434334818915,0.02846121821621402,0.004478467862372162,0.018094733330946463,0.040129903916466765,-0.004015495120734542,0.0042627059369553
2020-04-27,-0.013613632974659663,0.0007062879681932841,-0.014299615622890095,-0.0028688718387157577,0.019809281479423606,-0.00853060117457286,-0.0045065135074977974
2020-04-28,-0.024784645152558536,-0.016342119536409197,-0.026406206272373736,-0.02466239817555603,0.001328934249415945,-0.042541068020911246,-0.030576268375303535
2020-04-29,0.05984276412283417,0.03231744952210528,0.025020524430829326,0.04389625650734919,0.04066261816063749,0.01976232043954319,0.08517774629579855
2020-04-30,0.052757279528118275,0.020876360892772297,0.041803503952607714,0.00998213710846793,-0.035694910799012596,0.019141215761657896,0.003361778384945149
2020-05-01,-0.011990842943435392,-0.016230276273576195,-0.0790151691799427,-0.026232584008162894,-0.06412018917025473,-0.010968597788210391,-0.022057735281412295
2020-05-04,0.014673890943778481,0.014049589715675288,0.013016157575809914,0.024165910296395192,-0.034764272069469415,0.03054464801846933,0.004226964862408175
2020-05-05,0.008779614889160885,0.014897197085409536,0.0007812169559819208,0.010678489719271548,0.023428702585247974,-0.008137660463315996,0.019551936128765473
2020-05-06,0.006738193499783083,0.010264641580450786,0.014332930141282023,0.009798966311441098,-0.008946203976193416,0.022307493913531314,-0.0026646660123685047
2020-05-07,0.013294401908971454,0.01029156476377855,0.006929629421755726,0.005790270423541659,0.10597142103799526,0.00521369579650001,0.017571439198007667
2020-05-08,0.005146370905410016,0.02352314124720905,0.005055588339379235,0.0058651179141326224,0.05839702221385013,-0.002247491372341285,0.010938244102782064
2020-05-11,0.00390099584328318,0.015613095253014974,0.012275095742505182,0.011092920381175484,-0.0357014951685395,0.011346197766646372,0.013809863627898251
2020-05-12,-0.014553362971246498,-0.011494533270787144,-0.02184325689933136,-0.022912444329806235,0.02373634628436221,-0.019946988665173,-0.02044846226317329
2020-05-13,-0.024085756129590966,-0.012147691293807482,0.00464352271673132,-0.015238132939802944,0.01895498246189573,0.014826334779971409,-0.019718004683692236
2020-05-14,0.008302681844843847,0.006125079608061752,0.008800091486279958,0.0043301101711462195,-0.00698983357771837,0.0083615954487243,0.006306546116281855
2020-05-15,0.019488711327598874,-0.005929827311459816,0.008723388257937528,0.014463139950317295,-0.009806995067935049,0.02731883787431223,0.011868486532244192
2020-05-18,0.010894514046820703,0.023288068948720257,0.006815562402388709,0.009509006450706549,0.03480447250068307,-0.0035510541942097803,0.008788436521635867
2020-05-19,0.01716051209558074,-0.005795376880866018,0.009463506026665746,-0.006946293333122683,-0.006565150542585131,-0.0034085008862323033,-0.007812837402238159
2020-05-20,0.05860469948346972,0.019261195523461436,0.0196519053240098,0.013775410324054339,0.03182348685163269,-0.007499713726922249,0.02497640892970061
2020-05-21,0.006155665396050041,-0.007483172390934078,-0.020709907813958355,-0.01208399570056186,-0.006400988615336594,-0.025840842152057286,-0.0017116638984105163
2020-05-22,0.015097892328088825,0.006417654820172507,-0.0040379627094452065,0.00043601032958067354,0.016500693045155466,-0.01601293038502945,0.0046029669036821794
2020-05-26,-0.011603491604949424,-0.006796432056776938,-0.006182687942356004,-0.010627767744464047,-0.007782153276818508,-0.03447836470824181,0.005736094933879856
2020-05-27,-0.013265803709946346,0.004347448696250051,-0.004747292931811086,0.001321022305026687,0.009216645991064322,0.012268555995534775,-0.0007669824159105613
2020-05-28,-0.016190407756349338,0.00044012487259933075,-0.0038615979869802697,-0.002257777596734173,-0.02115099896488378,-0.01548029045271397,-0.001437495064912883
2020-05-29,-0.0016424212786341405,-0.0009746174189549368,0.017041909136995572,0.010146859540949392,0.06160591463221125,0.015099193268048015,0.010716307100032903
2020-06-01,0.029848994799165255,0.012222800420004764,0.011670253098244966,-0.0022947175457797174,-0.01386215721781345,0.014639875760713685,0.0009413377715675167
2020-06-02,0.0034867113491639126,0.004618893957517476,0.0005542421239081785,0.011312426128426308,-0.00027916575314946136,0.0032582085748130837,0.0051717174057200836
2020-06-03,-0.011061315726836388,0.005490053680832195,0.002419803318654912,0.0024306433294029625,0.02591100329913292,-0.012575533376131908,-0.0021239834085270454
2020-06-04,-0.016957459168805037,-0.008649865381825567,-0.007207963182428161,-0.013250863174750707,-0.008745606261327412,-0.01827146284399102,-0.017487419420933608
2020-06-05,0.019604286351656796,0.028083464301937484,0.009062306094701045,0.023128596393710822,0.021184898356676574,0.012639129353453663,0.01802239285316982
2020-06-08,0.0027262535126193446,0.005894756705469656,0.01640122058468097,0.006177445597463255,-0.0034997276753472805,-0.0002621357000506872,0.005553925152603329
2020-06-09,0.030933952882601465,0.03108965729058401,0.029973414532654237,0.007616045697605748,-0.013302806877524711,0.03411998771121542,0.0027860049046159446
2020-06-10,-0.00816152436802908,0.025402202683790197,0.01775474019639406,0.036420125527265666,-0.04929584625222045,0.0009902498583152875,0.008653379834183518
2020-06-11,-0.05335635140838173,-0.04920105686647852,-0.034386807792203426,-0.055193935550664076,-0.11327130549800647,-0.02074401366133258,-0.04382180135997381
2020-06-12,0.018322279980106864,0.008596280540199458,-0.005071582137180358,0.00786083026829415,0.03600013824895548,-0.01775707927124743,0.007829817591099917
2020-06-15,0.01700404977684502,0.012291452124214402,0.01080967380014712,0.006371575161101498,0.013249199865950374,0.017616066443015003,0.005519626696427204
2020-06-16,0.013457341571363088,0.026157357974181644,0.01641919546995653,0.02420954511949103,0.02478976735855736,0.024675410170233506,0.01794812993331637
2020-06-17,-0.0005093033229538373,-0.001392951215957352,0.009782656419923274,0.0034553590528597494,-0.005989857836053659,0.02633937701500815,0.004187673206042115
2020-06-18,0.0017393162599279117,0.000398312108432788,0.004910408831544251,0.010651766973368284,0.0032988665791453486,0.004678924016964739,-0.0127624029034584
2020-06-19,0.012006924945297178,-0.005731446190814538,0.007892706403668376,-0.0059779706412255345,-0.03348873905945679,0.008521662726469374,-0.006632155559223655
2020-06-22,0.0017990510342756755,0.025827635797405518,0.014404049034053084,0.02739529237401108,0.011696072721912169,0.03107347659589408,0.018099380224339337
2020-06-23,0.012545606605146956,0.021119909604358694,0.018470070932883553,0.006658526755428076,0.01125826388318774,-0.003810373939703293,0.009140160678144963
2020-06-24,-0.034522617271447155,-0.017809519036863623,-0.010915222785479236,-0.020363463524512564,-0.08160722580298733,-0.01820179044683704,-0.021598103443554843
2020-06-25,0.007068388701428355,0.013188257338920092,0.007352966946613356,0.012557391386132969,0.0039318805957128024,0.017450857689678665,0.005846107864070424
2020-06-26,-0.08682625771423381,-0.03120778146846392,-0.022657517035347675,-0.020219078804753477,-0.03223403527949831,-0.049520173287189155,-0.05605625589037982
2020-06-29,0.02088379700278783,0.02278519745094933,-0.004648937652200358,0.01068977670966211,0.00067517053517924,0.008623040820329364,0.025098222529862872
2020-06-30,0.02872591262548052,0.008312861041136913,0.02884445591830274,0.025228348186232433,0.047777189782986305,0.01729002127578901,0.01483398642770294
